artist,track,week1,week2,week3,week4,week5,week6,week7,week8,week9,week10,week11,week12,week13,week14,week15,week16,week17,week18,week19,week20,week21,week22,week23,week24,week25,week26,week27,week28,week29,week30,week31,week32,week33,week34,week35,week36,week37,week38,week39,week40,week41,week42,week43,week44,week45,week46,week47,week48,week49,week50,week51,week52,week53,week54,week55,week56,week57,week58,week59,week60,week61,week62,week63,week64
Destiny's Child,Independent Women Part I,78,63,49,33,23,15,7,5,1,1,1,1,1,1,1,1,1,1,1,2,3,7,10,12,15,22,29,31,,,,,,,,,,,,,,,,,,,,,,,,,,,,,,,,,,,,
Santana,"Maria, Maria",15,8,6,5,2,3,2,2,1,1,1,1,1,1,1,1,1,1,8,15,19,21,26,36,48,47,,,,,,,,,,,,,,,,,,,,,,,,,,,,,,,,,,,,,,
Savage Garden,I Knew I Loved You,71,48,43,31,20,13,7,6,4,4,4,6,4,2,1,1,1,2,1,2,4,8,8,12,14,17,21,24,30,34,37,46,47,,,,,,,,,,,,,,,,,,,,,,,,,,,,,,,
Madonna,Music,41,23,18,14,2,1,1,1,1,2,2,2,2,2,4,8,11,16,20,25,27,27,29,44,,,,,,,,,,,,,,,,,,,,,,,,,,,,,,,,,,,,,,,,
Janet,Doesn't Really Matter,59,52,43,30,29,22,15,10,10,5,1,1,1,2,2,3,3,7,8,20,25,37,40,41,,,,,,,,,,,,,,,,,,,,,,,,,,,,,,,,,,,,,,,,
Destiny's Child,Say My Name,83,83,44,38,16,13,16,16,16,18,17,14,1,1,1,2,2,3,5,5,5,7,10,13,14,18,23,23,34,37,43,47,,,,,,,,,,,,,,,,,,,,,,,,,,,,,,,,
"Iglesias, Enrique",Be With You,63,45,34,23,17,12,9,8,8,6,5,4,1,1,1,3,11,14,24,28,,,,,,,,,,,,,,,,,,,,,,,,,,,,,,,,,,,,,,,,,,,,
Sisqo,Incomplete,77,66,61,61,61,55,2,1,1,2,2,4,5,5,7,8,10,10,9,14,17,20,25,31,32,46,,,,,,,,,,,,,,,,,,,,,,,,,,,,,,,,,,,,,,
Lonestar,Amazed,81,54,44,39,38,33,29,29,32,27,26,24,27,32,33,35,35,40,43,50,,,,,,,,,,45,45,45,23,17,14,17,18,18,3,1,1,2,3,4,4,5,6,8,9,10,12,15,20,22,22,25,26,31,32,37,42,42,45,50
N'Sync,It's Gonna Be Me,82,70,51,39,26,19,15,9,7,7,5,4,1,1,3,4,6,10,13,15,18,23,28,38,48,,,,,,,,,,,,,,,,,,,,,,,,,,,,,,,,,,,,,,,
"Aguilera, Christina",What A Girl Wants,71,51,28,18,13,13,11,1,1,2,2,3,3,4,12,11,13,15,18,20,30,40,39,44,,,,,,,,,,,,,,,,,,,,,,,,,,,,,,,,,,,,,,,,
Vertical Horizon,Everything You Want,70,61,53,46,40,33,31,26,22,19,17,15,13,9,9,8,8,6,7,7,8,3,3,6,6,1,2,3,4,7,9,10,18,20,27,29,36,40,50,47,50,,,,,,,,,,,,,,,,,,,,,,,
"Aguilera, Christina",Come On Over Baby (All I Want Is You),57,47,45,29,23,18,11,9,9,11,1,1,1,1,4,8,12,22,23,43,44,,,,,,,,,,,,,,,,,,,,,,,,,,,,,,,,,,,,,,,,,,,
Creed,With Arms Wide Open,84,78,76,74,70,68,74,75,69,74,70,79,84,86,76,62,45,29,19,11,10,7,5,3,3,3,1,2,2,3,3,3,4,5,5,5,5,9,12,13,13,17,22,26,28,37,41,,,,,,,,,,,,,,,,,
Aaliyah,Try Again,59,53,38,28,21,18,16,14,12,10,9,8,6,1,2,2,2,2,3,4,5,5,6,9,13,14,16,23,22,33,36,43,,,,,,,,,,,,,,,,,,,,,,,,,,,,,,,,
matchbox twenty,Bent,60,37,29,24,22,21,18,16,13,12,8,6,1,2,3,2,2,3,4,5,4,4,6,9,12,13,19,20,20,24,29,28,27,30,33,37,38,38,48,,,,,,,,,,,,,,,,,,,,,,,,,
"Carey, Mariah",Thank God I Found You,82,68,50,50,41,37,26,22,22,2,1,2,4,13,21,28,43,57,82,89,,,,,,,,,,,,,,,,,,,,,,,,,,,,,,,,,,,,,,,,,,,,
"Hill, Faith",Breathe,81,68,62,51,42,35,28,28,28,43,30,23,23,21,21,21,5,3,3,4,4,3,3,3,2,2,3,3,2,2,3,4,2,5,8,11,13,14,18,22,23,22,24,30,31,31,38,39,42,49,49,48,47,,,,,,,,,,,
Mya,Case Of The Ex (Whatcha Gonna Do),72,57,52,47,42,31,24,18,17,17,17,10,9,9,7,2,2,2,3,4,4,4,4,8,11,15,19,24,23,35,,,,,,,,,,,,,,,,,,,,,,,,,,,,,,,,,,
Dream,He Loves U Not,99,92,81,59,47,42,32,27,18,18,11,8,5,2,2,3,3,3,7,9,10,11,10,19,23,28,38,46,,,,,,,,,,,,,,,,,,,,,,,,,,,,,,,,,,,,
"Braxton, Toni",He Wasn't Man Enough,63,55,48,39,35,24,3,2,2,4,4,5,11,12,16,15,14,14,12,10,11,13,13,13,15,16,14,13,17,19,23,29,37,33,34,41,48,,,,,,,,,,,,,,,,,,,,,,,,,,,
"Anthony, Marc",You Sang To Me,77,54,50,43,30,27,21,18,15,13,13,13,13,5,2,2,5,7,9,12,12,16,20,20,22,25,26,29,35,33,40,44,,,,,,,,,,,,,,,,,,,,,,,,,,,,,,,,
Destiny's Child,Jumpin' Jumpin',74,71,65,62,57,50,40,37,22,18,13,8,6,4,3,4,3,3,3,3,4,4,6,7,6,8,10,15,24,30,35,39,,,,,,,,,,,,,,,,,,,,,,,,,,,,,,,,
3 Doors Down,Kryptonite,81,70,68,67,66,57,54,53,51,51,51,51,47,44,38,28,22,18,18,14,12,7,6,6,6,5,5,4,4,4,4,3,3,3,4,5,5,9,9,15,14,13,14,16,17,21,22,24,28,33,42,42,49,,,,,,,,,,,
Sisqo,Thong Song,74,63,35,26,26,23,20,16,13,10,6,6,5,4,4,4,3,3,4,3,7,8,13,17,24,31,43,46,,,,,,,,,,,,,,,,,,,,,,,,,,,,,,,,,,,,
"Aguilera, Christina",I Turn To You,50,39,30,28,21,19,20,17,17,17,17,3,3,7,10,17,25,29,29,40,43,50,,,,,,,,,,,,,,,,,,,,,,,,,,,,,,,,,,,,,,,,,,
"Houston, Whitney",My Love Is Your Love,81,68,44,16,11,9,8,7,8,7,8,8,6,6,5,5,5,5,4,6,10,10,11,20,22,27,34,49,,,,,,,,,,,,,,,,,,,,,,,,,,,,,,,,,,,,
Joe,I Wanna Know,94,86,69,50,41,33,32,28,28,27,27,25,23,20,17,15,14,11,11,14,11,11,10,12,10,6,4,5,4,5,5,7,6,8,5,6,9,9,8,14,16,20,32,45,,,,,,,,,,,,,,,,,,,,
"Jordan, Montell",Get It On.. Tonite,92,80,72,69,67,61,54,43,38,24,24,20,19,15,15,5,4,4,7,10,5,9,9,7,9,10,10,15,18,23,30,42,,,,,,,,,,,,,,,,,,,,,,,,,,,,,,,,
N'Sync,Bye Bye Bye,42,20,19,14,13,7,6,5,5,5,5,4,4,6,6,7,9,12,18,20,27,34,40,,,,,,,,,,,,,,,,,,,,,,,,,,,,,,,,,,,,,,,,,
Eminem,The Real Slim Shady,70,32,20,16,11,7,6,4,5,4,8,9,16,30,49,68,83,88,98,,,,,,,,,,,,,,,,,,,,,,,,,,,,,,,,,,,,,,,,,,,,,
Pink,Most Girls,85,70,52,36,27,21,15,13,12,8,5,5,5,6,5,4,6,8,11,14,14,16,18,21,26,39,46,,,,,,,,,,,,,,,,,,,,,,,,,,,,,,,,,,,,,
"Mumba, Samantha",Gotta Tell You,85,72,65,49,39,25,20,10,9,8,6,5,7,4,6,7,13,17,17,23,29,36,,,,,,,,,,,,,,,,,,,,,,,,,,,,,,,,,,,,,,,,,,
Blaque,Bring It All To Me,73,63,50,42,24,19,17,14,11,9,9,9,10,5,5,6,8,9,15,15,18,17,18,19,19,22,26,32,42,,,,,,,,,,,,,,,,,,,,,,,,,,,,,,,,,,,
"Elliott, Missy ""Misdemeanor""",Hot Boyz,36,21,13,9,7,7,5,7,7,7,8,11,7,10,11,12,15,17,23,30,38,,,,,,,,,,,,,,,,,,,,,,,,,,,,,,,,,,,,,,,,,,,
"Gray, Macy",I Try,68,51,47,36,30,20,15,12,8,7,7,7,6,5,6,9,10,11,14,16,16,16,21,27,34,40,46,,,,,,,,,,,,,,,,,,,,,,,,,,,,,,,,,,,,,
N'Sync,This I Promise You,68,31,19,15,11,6,7,7,6,5,6,7,10,12,11,9,11,12,20,22,26,30,30,39,41,49,,,,,,,,,,,,,,,,,,,,,,,,,,,,,,,,,,,,,,
Ruff Endz,No More,76,38,19,17,12,15,12,10,7,5,8,8,10,12,14,15,19,23,21,18,19,22,23,24,33,38,,,,,,,,,,,,,,,,,,,,,,,,,,,,,,,,,,,,,,
"Backstreet Boys, The",Show Me The Meaning Of Being Lonely,74,62,55,25,16,14,12,10,12,9,7,6,6,6,8,9,13,19,23,26,32,34,45,47,,,,,,,,,,,,,,,,,,,,,,,,,,,,,,,,,,,,,,,,
Nine Days,Absolutely (Story Of A Girl),85,71,59,52,39,34,26,20,17,13,11,6,6,8,8,7,8,9,11,12,14,18,26,30,36,41,48,,,,,,,,,,,,,,,,,,,,,,,,,,,,,,,,,,,,,
"Dion, Celine",That's The Way It Is,74,68,65,49,44,34,30,30,17,14,11,8,9,10,11,11,6,8,7,7,9,10,14,16,26,31,35,42,,,,,,,,,,,,,,,,,,,,,,,,,,,,,,,,,,,,
Blink-182,All The Small Things,89,76,69,59,59,51,50,35,26,15,7,6,8,8,9,11,14,16,18,23,33,41,43,,,,,,,,,,,,,,,,,,,,,,,,,,,,,,,,,,,,,,,,,
Eiffel 65,Blue (Da Ba Dee),67,29,16,16,13,11,9,6,7,9,13,19,21,24,32,42,56,60,76,88,,,,,,,,,,,,,,,,,,,,,,,,,,,,,,,,,,,,,,,,,,,,
"Badu, Erkyah",Bag Lady,67,53,42,41,48,42,34,6,9,9,8,11,15,21,26,29,26,38,56,66,,,,,,,,,,,,,,,,,,,,,,,,,,,,,,,,,,,,,,,,,,,,
Pink,There U Go,25,15,12,11,11,7,7,12,14,15,15,17,19,16,15,14,12,10,10,10,8,9,12,16,20,22,33,39,39,41,46,44,,,,,,,,,,,,,,,,,,,,,,,,,,,,,,,,
Creed,Higher,81,77,73,63,61,58,56,52,56,57,57,57,57,57,60,61,61,57,60,61,,,,,,,,,43,41,34,28,25,23,22,16,16,18,14,13,13,11,11,9,9,7,7,9,9,12,14,16,17,17,21,26,29,32,39,39,43,47,50,50
Nelly,(Hot S**t) Country Grammar,100,99,96,76,55,37,24,24,30,36,37,30,23,21,17,17,15,11,11,10,7,7,8,10,11,12,12,17,19,23,33,37,36,49,,,,,,,,,,,,,,,,,,,,,,,,,,,,,,
Next,Wifey,85,61,46,40,36,31,25,22,25,24,21,20,19,19,8,7,10,12,21,25,35,,,,,,,,,,,,,,,,,,,,,,,,,,,,,,,,,,,,,,,,,,,
Kenny G,Auld Lang Syne (The Millenium Mix),89,89,7,8,66,,,,,,,,,,,,,,,,,,,,,,,,,,,,,,,,,,,,,,,,,,,,,,,,,,,,,,,,,,,
Sonique,It Feels So Good,67,52,30,23,19,17,16,16,14,12,13,13,11,8,10,10,11,14,17,19,21,31,38,49,,,,,,,,,,,,,,,,,,,,,,,,,,,,,,,,,,,,,,,,
"Spears, Britney",Oops!.. I Did It Again,67,38,26,19,15,13,12,9,9,10,14,15,17,24,35,49,77,85,90,96,,,,,,,,,,,,,,,,,,,,,,,,,,,,,,,,,,,,,,,,,,,,
"Backstreet Boys, The",Shape Of My Heart,39,25,24,15,12,12,10,9,10,12,17,19,29,26,24,31,52,63,62,70,,,,,,,,,,,,,,,,,,,,,,,,,,,,,,,,,,,,,,,,,,,,
Everclear,Wonderful,77,69,53,37,33,25,24,23,22,25,28,25,11,13,13,11,18,28,36,39,45,,,,,,,,,,,,,,,,,,,,,,,,,,,,,,,,,,,,,,,,,,,
Ja Rule,Between Me And You,85,74,61,37,27,22,22,16,14,11,11,14,17,18,18,21,30,30,42,53,,,,,,,,,,,,,,,,,,,,,,,,,,,,,,,,,,,,,,,,,,,,
"Rimes, LeAnn",I Need You,77,68,67,63,59,59,59,53,51,50,13,11,11,15,12,12,13,16,19,21,21,24,25,30,41,,,,,,,,,,,,,,,,,,,,,,,,,,,,,,,,,,,,,,,
Smash Mouth,Then The Morning Comes,83,59,56,46,27,23,19,16,14,14,16,15,12,11,13,17,20,23,24,25,27,31,33,35,41,48,,,,,,,,,,,,,,,,,,,,,,,,,,,,,,,,,,,,,,
Jay-Z,I Just Wanna Love U (Give It 2 Me),58,45,35,26,23,19,14,14,13,11,12,12,12,15,15,19,24,28,29,30,40,,,,,,,,,,,,,,,,,,,,,,,,,,,,,,,,,,,,,,,,,,,
Jagged Edge,Let's Get Married,77,66,55,45,38,42,33,29,28,26,23,15,11,14,14,17,20,20,21,23,24,29,36,47,,,,,,,,,,,,,,,,,,,,,,,,,,,,,,,,,,,,,,,,
Filter,Take A Picture,91,74,64,52,38,38,34,31,21,19,12,13,15,20,19,22,23,24,31,42,,,,,,,,,,,,,,,,,,,,,,,,,,,,,,,,,,,,,,,,,,,,
"Martin, Ricky",She Bangs,38,28,21,21,18,16,13,13,12,20,22,29,43,54,55,73,92,100,,,,,,,,,,,,,,,,,,,,,,,,,,,,,,,,,,,,,,,,,,,,,,
Mystikal,Shake Ya Ass,97,90,65,41,34,25,22,15,15,14,14,13,13,13,17,19,24,30,42,58,,,,,,,,,,,,,,,,,,,,,,,,,,,,,,,,,,,,,,,,,,,,
BBMak,Back Here,99,86,60,52,38,34,28,21,18,18,19,15,18,13,16,15,16,16,17,15,18,17,16,22,24,30,36,37,42,45,49,,,,,,,,,,,,,,,,,,,,,,,,,,,,,,,,,
"Spears, Britney",From The Bottom Of My Broken Heart,76,59,52,52,14,14,17,24,33,35,41,45,54,64,64,81,97,92,86,90,,,,,,,,,,,,,,,,,,,,,,,,,,,,,,,,,,,,,,,,,,,,
Third Eye Blind,Never Let You Go,65,32,25,24,23,22,22,21,19,16,14,16,16,17,18,21,22,25,27,33,45,46,,,,,,,,,,,,,,,,,,,,,,,,,,,,,,,,,,,,,,,,,,
Red Hot Chili Peppers,Otherside,80,72,65,52,51,49,40,37,32,29,29,29,29,24,18,14,15,16,19,22,29,45,,,,,,,,,,,,,,,,,,,,,,,,,,,,,,,,,,,,,,,,,,
Profyle,Liar,52,32,25,17,16,16,14,19,24,33,35,43,54,61,69,75,86,81,94,99,,,,,,,,,,,,,,,,,,,,,,,,,,,,,,,,,,,,,,,,,,,,
Barenaked Ladies,Pinch Me,77,76,69,45,51,37,33,29,26,25,16,15,15,19,19,20,22,20,21,34,44,,,,,,,,,,,,,,,,,,,,,,,,,,,,,,,,,,,,,,,,,,,
Jagged Edge,He Can't Love U,54,32,17,17,15,18,18,18,18,25,24,24,26,33,44,51,53,65,69,77,,,,,,,,,,,,,,,,,,,,,,,,,,,,,,,,,,,,,,,,,,,,
504 Boyz,Wobble Wobble,57,34,25,17,17,31,36,49,53,57,64,70,75,76,78,85,92,96,,,,,,,,,,,,,,,,,,,,,,,,,,,,,,,,,,,,,,,,,,,,,,
Sting,Desert Rose,98,88,72,59,55,52,45,35,24,21,19,19,19,19,18,17,19,19,24,26,30,32,42,45,42,49,,,,,,,,,,,,,,,,,,,,,,,,,,,,,,,,,,,,,,
Jay-Z,Big Pimpin',69,52,39,33,28,25,25,23,20,19,21,18,20,20,26,29,35,33,41,50,,,,,,,,,,,,,,,,,,,,,,,,,,,,,,,,,,,,,,,,,,,,
Kid Rock,Only God Knows Why,63,47,46,39,35,26,26,23,19,19,21,25,25,29,32,44,52,62,69,78,,,,,,,,,,,,,,,,,,,,,,,,,,,,,,,,,,,,,,,,,,,,
Foo Fighters,Learn To Fly,80,69,68,63,60,52,42,32,30,25,22,22,26,20,19,20,26,30,35,42,50,,,,,,,,,,,,,,,,,,,,,,,,,,,,,,,,,,,,,,,,,,,
"Dixie Chicks, The",Goodbye Earl,40,29,24,24,20,20,20,19,38,61,86,88,96,96,98,,,,,,,,,,,,,,,,,,,,,,,,,,,,,,,,,,,,,,,,,,,,,,,,,
Guy,Dancin',46,29,19,22,36,44,58,58,68,75,94,,,,,,,,,,,,,,,,,,,,,,,,,,,,,,,,,,,,,,,,,,,,,,,,,,,,,
Lil Bow Wow,Bounce With Me,48,35,24,24,20,20,20,20,22,27,27,36,40,53,61,69,80,90,99,,,100,,,,,,,,,,,,,,,,,,,,,,,,,,,,,,,,,,,,,,,,,,
Westlife,Swear It Again,96,82,66,55,55,46,44,44,37,35,32,25,21,20,20,25,30,33,45,56,,,,,,,,,,,,,,,,,,,,,,,,,,,,,,,,,,,,,,,,,,,,
Train,Meet Virginia,76,67,59,54,48,45,40,32,26,24,22,21,21,24,21,20,21,24,28,30,32,37,37,42,46,50,50,,,,,,,,,,,,,,,,,,,,,,,,,,,,,,,,,,,,,
"Thomas, Carl",I Wish,75,64,48,39,32,28,24,20,22,21,22,26,23,24,27,28,42,44,52,67,,,,,,,,,,,,,,,,,,,,,,,,,,,,,,,,,,,,,,,,,,,,
Hanson,This Time Around,22,22,20,45,87,71,95,,,,,,,,,,,,,,,,,,,,,,,,,,,,,,,,,,,,,,,,,,,,,,,,,,,,,,,,,
"Simpson, Jessica",I Think I'm In Love With You,63,52,44,29,25,23,21,21,21,27,38,38,57,74,89,96,,,,,,,,,,,,,,,,,,,,,,,,,,,,,,,,,,,,,,,,,,,,,,,,
Ludacris,What's Your Fantasy,89,83,63,55,49,40,33,32,30,25,22,21,24,24,24,27,25,34,32,35,41,47,,,,,,,,,,,,,,,,,,,,,,,,,,,,,,,,,,,,,,,,,,
Lil' Zane,Callin' Me,83,89,57,40,34,21,33,46,45,59,67,84,95,,,,,,,,,,,,,,,,,,,,,,,,,,,,,,,,,,,,,,,,,,,,,,,,,,,
M2M,Don't Say You Love Me,72,53,62,46,54,44,44,21,64,92,98,98,,,,,,,,,,,,,,,,,,,,,,,,,,,,,,,,,,,,,,,,,,,,,,,,,,,,
SoulDecision,Faded,94,90,81,64,56,43,35,27,25,22,22,27,27,27,31,31,30,34,31,34,34,38,45,50,,,,,,,,,,,,,,,,,,,,,,,,,,,,,,,,,,,,,,,,
"Brock, Chad",Yes!,90,77,66,61,59,47,39,33,32,31,28,27,22,27,31,39,45,50,53,59,,,,,,,,,,,,,,,,,,,,,,,,,,,,,,,,,,,,,,,,,,,,
"Martin, Ricky",Shake Your Bon-Bon,74,66,52,39,39,39,39,46,47,54,91,28,22,33,46,70,87,93,,,,,,,,,,,,,,,,,,,,,,,,,,,,,,,,,,,,,,,,,,,,,,
Vertical Horizon,You're A God,64,55,43,41,37,31,30,29,28,26,23,23,25,32,32,37,37,41,46,48,49,,,,,,,,,,,,,,,,,,,,,,,,,,,,,,,,,,,,,,,,,,,
Avant,Separated,62,32,30,23,26,30,35,32,32,25,23,28,27,29,27,31,31,33,40,51,,,,,,,,,,,,,,,,,,,,,,,,,,,,,,,,,,,,,,,,,,,,
"Rimes, LeAnn",Big Deal,71,52,51,51,51,48,41,37,29,26,26,23,30,28,27,25,31,43,56,70,,,,,,,,,,,,,,,,,,,,,,,,,,,,,,,,,,,,,,,,,,,,
IMx,Stay The Night,84,61,45,43,40,38,36,31,34,34,40,36,36,23,41,62,70,71,79,78,,,,,,,,,,,,,,,,,,,,,,,,,,,,,,,,,,,,,,,,,,,,
Dr. Dre,The Next Episode,78,67,58,53,46,41,32,27,26,23,26,27,32,32,44,46,47,50,52,58,,,,,,,,,,,,,,,,,,,,,,,,,,,,,,,,,,,,,,,,,,,,
"Spears, Britney",Lucky,61,41,28,26,23,29,30,40,66,86,100,,,,,,,,,,,,,,,,,,,,,,,,,,,,,,,,,,,,,,,,,,,,,,,,,,,,,
Savage Garden,Crash And Burn,75,58,51,36,33,31,26,24,24,29,34,39,46,47,48,49,58,63,73,87,,,,,,,,,,,,,,,,,,,,,,,,,,,,,,,,,,,,,,,,,,,,
Kandi,Don't Think I'm Not,66,66,66,61,49,42,36,33,28,24,26,26,28,29,27,31,31,26,25,25,30,40,36,41,,,,,,,,,,,,,,,,,,,,,,,,,,,,,,,,,,,,,,,,
Sammie,I Like It,85,68,58,44,40,33,30,29,37,29,29,24,36,46,52,61,83,93,91,89,,,,,,,,,,,,,,,,,,,,,,,,,,,,,,,,,,,,,,,,,,,,
Goo Goo Dolls,Broadway,74,58,53,42,35,31,29,25,29,26,24,33,46,48,57,62,74,82,85,87,,,,,,,,,,,,,,,,,,,,,,,,,,,,,,,,,,,,,,,,,,,,
"Moore, Mandy",I Wanna Be With You,69,63,54,50,45,42,31,28,24,34,42,53,65,66,77,94,99,,,,,93,91,91,90,89,86,,,,,,,,,,,,,,,,,,,,,,,,,,,,,,,,,,,,,
Dr. Dre,Forgot About Dre,75,55,47,36,36,30,30,31,26,25,25,26,26,28,34,47,58,68,80,82,,,,,,,,,,,,,,,,,,,,,,,,,,,,,,,,,,,,,,,,,,,,
D'Angelo,Untitled (How Does It Feel),77,56,35,26,25,25,28,28,31,35,39,44,51,60,73,79,94,,,,,,,,,,,,,,,,,,,,,,,,,,,,,,,,,,,,,,,,,,,,,,,
"Messina, Jo Dee",That's The Way,78,67,63,54,50,44,38,30,27,25,31,28,30,28,32,35,48,46,51,59,,,,,,,,,,,,,,,,,,,,,,,,,,,,,,,,,,,,,,,,,,,,
Avant,My First Love,70,62,56,43,39,33,26,26,26,31,32,31,38,38,52,57,64,73,81,79,,,,,,,,,,,,,,,,,,,,,,,,,,,,,,,,,,,,,,,,,,,,
Son By Four,A Puro Dolor (Purest Of Pain),80,80,80,79,72,73,65,64,60,60,48,48,48,43,35,32,30,32,37,26,31,28,30,32,39,35,,,,,,,,,,,,,,,,,,,,,,,,,,,,,,,,,,,,,,
Da Brat,What'Chu Like,71,65,54,54,51,41,41,33,28,31,26,28,36,39,49,58,62,65,68,68,,,,,,,,,,,,,,,,,,,,,,,,,,,,,,,,,,,,,,,,,,,,
DMX,Party Up (Up In Here),88,74,62,56,49,44,38,32,27,27,27,27,27,28,28,33,35,42,44,46,43,,,,,,,,,,,,,,,,,,,,,,,,,,,,,,,,,,,,,,,,,,,
"Dixie Chicks, The",Cowboy Take Me Away,79,72,70,61,52,52,52,39,31,27,27,27,31,37,40,47,51,56,59,59,,,,,,,,,,,,,,,,,,,,,,,,,,,,,,,,,,,,,,,,,,,,
"McGraw, Tim",My Next Thirty Years,73,62,56,52,46,40,36,31,27,27,28,40,33,33,39,40,48,53,58,62,,,,,,,,,,,,,,,,,,,,,,,,,,,,,,,,,,,,,,,,,,,,
"Tritt, Travis",Best Of Intentions,97,86,79,70,63,56,50,48,51,38,33,31,28,28,28,27,29,31,37,45,49,48,,,,,,,,,,,,,,,,,,,,,,,,,,,,,,,,,,,,,,,,,,
Alice Deejay,Better Off Alone,79,65,53,48,45,36,34,29,27,30,36,37,39,49,57,63,65,68,79,86,,,,,,,,,,,,,,,,,,,,,,,,,,,,,,,,,,,,,,,,,,,,
Hoku,Another Dumb Blonde,69,49,49,34,34,34,30,27,36,41,53,56,80,100,,,,,,,,,,,,,,,,,,,,,,,,,,,,,,,,,,,,,,,,,,,,,,,,,,
"Houston, Whitney",I Learned From The Best,83,83,83,40,28,27,28,36,53,73,82,,,,,,,,,,,,,,,,,,,,,,,,,,,,,,,,,,,,,,,,,,,,,,,,,,,,,
Counting Crows,Hanginaround,84,70,66,60,46,37,35,35,35,32,29,29,28,32,38,48,56,59,61,66,,,,,,,,,,,,,,,,,,,,,,,,,,,,,,,,,,,,,,,,,,,,
Mary Mary,Shackles (Praise You),90,76,72,54,43,37,34,28,33,30,31,39,43,53,60,70,71,76,84,94,,,,,,,,,,,,,,,,,,,,,,,,,,,,,,,,,,,,,,,,,,,,
"Carey, Mariah",Crybaby,28,34,48,62,77,90,95,,,,,,,,,,,,,,,,,,,,,,,,,,,,,,,,,,,,,,,,,,,,,,,,,,,,,,,,,
"McGraw, Tim",My Best Friend,85,76,71,64,54,54,55,46,38,29,29,33,32,31,36,38,39,41,46,49,48,,,,,,,,,,,,,,,,,,,,,,,,,,,,,,,,,,,,,,,,,,,
Sugar Ray,Falls Apart,70,64,54,40,34,29,29,32,32,37,47,49,52,60,76,80,89,97,98,100,,,,,,,,,,,,,,,,,,,,,,,,,,,,,,,,,,,,,,,,,,,,
Madonna,American Pie,43,35,29,29,33,32,40,58,88,,,,,,,,,,,,,,,,,,,,,,,,,,,,,,,,,,,,,,,,,,,,,,,,,,,,,,,
"Jones, Donell",Where I Wanna Be,81,71,65,50,41,41,36,41,38,35,33,29,36,34,34,40,42,49,55,62,,,,,,,,,,,,,,,,,,,,,,,,,,,,,,,,,,,,,,,,,,,,
"Paisley, Brad",We Danced,71,68,52,52,45,42,39,34,34,29,36,42,55,53,57,64,72,84,83,86,,,,,,,,,,,,,,,,,,,,,,,,,,,,,,,,,,,,,,,,,,,,
Lonestar,What About Now,78,72,66,64,56,50,47,39,37,34,30,30,35,36,37,43,54,60,61,69,,,,,,,,,,,,,,,,,,,,,,,,,,,,,,,,,,,,,,,,,,,,
"Backstreet Boys, The",The One,58,50,43,37,31,30,39,47,55,61,76,90,93,93,100,,,,,,,,,,,,,,,,,,,,,,,,,,,,,,,,,,,,,,,,,,,,,,,,,
"Keith, Toby",How Do You Like Me Now?!,77,72,59,53,45,43,41,36,36,32,31,31,35,35,38,43,45,51,52,54,,,,,,,,,,,,,,,,,,,,,,,,,,,,,,,,,,,,,,,,,,,,
"Strait, George",The Best Day,73,64,54,45,44,44,44,41,39,34,33,33,31,33,36,39,43,49,53,62,,,,,,,,,,,,,,,,,,,,,,,,,,,,,,,,,,,,,,,,,,,,
"Dixie Chicks, The",Without You,80,70,63,56,50,49,48,46,41,40,35,31,33,44,36,35,37,43,51,54,,,,,,,,,,,,,,,,,,,,,,,,,,,,,,,,,,,,,,,,,,,,
Musiq,Just Friends (Sunny),89,83,65,55,54,54,52,44,41,34,32,31,35,34,41,41,48,54,58,68,,,,,,,,,,,,,,,,,,,,,,,,,,,,,,,,,,,,,,,,,,,,
"McEntire, Reba",What Do You Say,88,76,71,71,69,63,56,51,46,46,53,43,33,31,34,41,50,60,68,71,,,,,,,,,,,,,,,,,,,,,,,,,,,,,,,,,,,,,,,,,,,,
"Braxton, Toni",Just Be A Man About It,76,69,51,42,37,32,32,34,34,38,50,53,53,63,65,72,79,84,89,90,,,,,,,,,,,,,,,,,,,,,,,,,,,,,,,,,,,,,,,,,,,,
"Iglesias, Enrique",Rhythm Divine,90,84,79,67,67,39,33,32,38,38,49,51,61,61,66,88,96,,,,,,,,,,,,,,,,,,,,,,,,,,,,,,,,,,,,,,,,,,,,,,,
"Fabian, Lara",I Will Love Again,91,80,75,61,60,52,45,40,36,32,37,45,68,80,80,89,96,,,,,,,,,,,,,,,,,,,,,,,,,,,,,,,,,,,,,,,,,,,,,,,
Bon Jovi,It's My Life,64,58,51,51,48,45,36,33,34,34,35,34,39,44,51,58,61,84,85,87,,,,,,,,,,,,,,,,,,,,,,,,,,,,,,,,,,,,,,,,,,,,
"Evans, Sara",Born To Fly,77,71,64,57,55,51,46,44,36,39,34,46,44,36,42,53,58,74,81,86,,,,,,,,,,,,,,,,,,,,,,,,,,,,,,,,,,,,,,,,,,,,
"Chesney, Kenny",I Lost It,75,67,61,58,58,53,47,47,40,34,36,45,42,45,60,70,82,88,89,92,,,,,,,,,,,,,,,,,,,,,,,,,,,,,,,,,,,,,,,,,,,,
J-Shin,One Night Stand,96,96,69,74,72,62,49,45,38,34,38,45,47,58,68,88,99,,,,,,,,,,,,,,,,,,,,,,,,,,,,,,,,,,,,,,,,,,,,,,,
Eve,Love Is Blind,94,91,57,46,46,40,34,39,42,46,50,59,66,78,87,99,,,,,,,,,,,,,,,,,,,,,,,,,,,,,,,,,,,,,,,,,,,,,,,,
Aaliyah,I Don't Wanna,84,62,51,41,38,35,35,38,38,36,37,37,38,49,61,63,62,67,83,86,,,,,,,,,,,,,,,,,,,,,,,,,,,,,,,,,,,,,,,,,,,,
"Montgomery, John Michael",The Little Girl,81,67,64,56,45,41,41,35,35,38,37,42,45,50,57,63,62,83,74,74,,,,,,,,,,,,,,,,,,,,,,,,,,,,,,,,,,,,,,,,,,,,
"Carter, Aaron",Aaron's Party (Come Get It),99,75,57,35,35,37,43,79,51,55,67,83,86,92,100,,,,,,,,,,,,,,,,,,,,,,,,,,,,,,,,,,,,,,,,,,,,,,,,,
"Vassar, Phil",Just Another Day In Paradise,81,81,76,67,53,46,43,38,36,35,43,41,46,51,62,58,63,70,74,79,,,,,,,,,,,,,,,,,,,,,,,,,,,,,,,,,,,,,,,,,,,,
Ice Cube,You Can Do It,86,66,50,42,42,40,35,46,45,54,73,89,,,,,,,,,,,,,,,,,,,,,,,,,,,,,,,,,,,,,,,,,,,,,,,,,,,,
"Wills, Mark",Back At One,89,55,51,43,37,37,36,39,42,46,45,52,64,74,84,90,94,99,,,,,,,,,,,,,,,,,,,,,,,,,,,,,,,,,,,,,,,,,,,,,,
Lucy Pearl,Dance Tonight,80,75,63,59,55,49,42,42,40,40,36,43,46,54,72,84,84,86,92,,,,,,,,,,,,,,,,,,,,,,,,,,,,,,,,,,,,,,,,,,,,,
"Jackson, Alan",It Must Be Love,76,74,68,63,57,49,44,39,39,38,37,37,40,47,62,64,75,80,84,89,,,,,,,,,,,,,,,,,,,,,,,,,,,,,,,,,,,,,,,,,,,,
"Griggs, Andy",She's More,81,76,69,67,62,55,52,51,51,48,47,43,42,37,41,50,69,73,77,85,,,,,,,,,,,,,,,,,,,,,,,,,,,,,,,,,,,,,,,,,,,,
No Doubt,Simple Kind Of Life,50,40,39,38,38,48,52,55,80,85,88,100,98,,,,,,,,,,,,,,,,,,,,,,,,,,,,,,,,,,,,,,,,,,,,,,,,,,,
"Jean, Wyclef",911,77,74,64,61,53,48,43,38,42,38,44,49,53,61,66,68,80,85,96,,,,,,,,,,,,,,,,,,,,,,,,,,,,,,,,,,,,,,,,,,,,,
Rascal Flatts,Prayin' For Daylight,87,78,72,68,66,64,58,58,56,54,49,46,46,41,38,38,47,65,72,77,,,,,,,,,,,,,,,,,,,,,,,,,,,,,,,,,,,,,,,,,,,,
Vitamin C,Graduation (Friends Forever),81,64,54,54,46,40,40,40,38,42,57,87,,,,,,,,,,,,,,,,,,,,,,,,,,,,,,,,,,,,,,,,,,,,,,,,,,,,
"Gilman, Billy",One Voice,86,86,82,72,65,56,56,55,44,44,43,38,40,44,61,77,85,95,97,,,,,,,,,,,,,,,,,,,,,,,,,,,,,,,,,,,,,,,,,,,,,
Lonestar,Smile,89,80,80,80,65,47,44,42,39,39,43,41,43,45,50,58,67,78,85,91,,,,,,,,,,,,,,,,,,,,,,,,,,,,,,,,,,,,,,,,,,,,
"Rogers, Kenny",Buy Me A Rose,79,72,65,65,54,46,46,43,40,40,46,54,58,66,73,82,86,84,88,91,,,,,,,,,,,,,,,,,,,,,,,,,,,,,,,,,,,,,,,,,,,,
"Lawrence, Tracy",Lessons Learned,80,73,61,61,48,48,48,48,44,42,40,40,50,66,81,93,94,99,99,100,,,,,,,,,,,,,,,,,,,,,,,,,,,,,,,,,,,,,,,,,,,,
"Strait, George",Go On,71,67,63,56,53,48,46,46,44,40,44,46,49,56,56,71,78,88,95,,97,,,,,,,,,,,,,,,,,,,,,,,,,,,,,,,,,,,,,,,,,,,
Sisqo,Got To Get It,92,76,73,58,48,48,48,48,49,40,43,51,50,57,63,64,68,82,88,95,,,,,,,,,,,,,,,,,,,,,,,,,,,,,,,,,,,,,,,,,,,,
Baha Men,Who Let The Dogs Out,99,92,85,76,65,54,61,58,54,54,53,53,43,40,44,41,51,65,78,84,,,,,,,,,,,,,,,,,,,,,,,,,,,,,,,,,,,,,,,,,,,,
"Walker, Clay",The Chain Of Love,73,65,57,57,51,48,44,43,40,45,44,53,57,68,71,81,90,94,94,95,,,,,,,,,,,,,,,,,,,,,,,,,,,,,,,,,,,,,,,,,,,,
"McBride, Martina",Love's The Only House,79,69,65,58,53,52,52,48,45,43,42,42,50,60,64,75,91,93,92,90,,,,,,,,,,,,,,,,,,,,,,,,,,,,,,,,,,,,,,,,,,,,
Amber,Sexual (Li Da Di),99,99,96,96,100,93,93,96,,,99,,96,96,99,98,98,,95,88,88,79,76,69,69,59,58,58,49,44,42,46,50,,,,,,,,,,,,,,,,,,,,,,,,,,,,,,,
"Tippin, Aaron",Kiss This,74,72,66,53,52,47,47,45,42,46,51,60,68,69,78,94,87,92,97,99,,,,,,,,,,,,,,,,,,,,,,,,,,,,,,,,,,,,,,,,,,,,
SheDaisy,I Will.. But,78,74,70,61,59,52,48,47,45,43,44,43,52,56,70,80,86,81,85,87,,,,,,,,,,,,,,,,,,,,,,,,,,,,,,,,,,,,,,,,,,,,
"Raye, Collin",Couldn't Last A Moment,91,85,75,73,67,63,63,63,56,49,48,46,44,44,43,45,53,66,73,89,,,,,,,,,,,,,,,,,,,,,,,,,,,,,,,,,,,,,,,,,,,,
Black Rob,Whoa!,78,59,53,52,47,46,43,47,47,58,54,57,70,85,84,93,97,,,,,,,,,,,,,,,,,,,,,,,,,,,,,,,,,,,,,,,,,,,,,,,
"Jackson, Alan",Pop A Top,79,73,70,64,63,57,55,55,63,52,43,47,55,78,95,100,,100,,,,,,,,,,,,,,,,,,,,,,,,,,,,,,,,,,,,,,,,,,,,,,
"Black, Clint",Been There,87,73,62,58,58,57,51,47,44,44,44,55,53,53,63,84,85,87,95,100,,,,,,,,,,,,,,,,,,,,,,,,,,,,,,,,,,,,,,,,,,,,
Common,The Light,75,55,53,49,46,44,49,51,51,56,52,56,70,82,86,89,93,93,99,,,,,,,,,,,,,,,,,,,,,,,,,,,,,,,,,,,,,,,,,,,,,
"Vassar, Phil",Carlene,75,67,64,64,57,53,47,45,45,50,52,56,59,78,83,84,91,96,93,,,,,,,,,,,,,,,,,,,,,,,,,,,,,,,,,,,,,,,,,,,,,
"Jackson, Alan",www.memory,75,59,59,54,50,49,47,45,49,69,63,67,77,89,99,,,,,,,,,,,,,,,,,,,,,,,,,,,,,,,,,,,,,,,,,,,,,,,,,
Vitamin C,The Itch,86,48,45,52,57,58,76,95,100,,,,,,,,,,,,,,,,,,,,,,,,,,,,,,,,,,,,,,,,,,,,,,,,,,,,,,,
"Eastsidaz, The",G'D Up,77,77,89,64,57,47,47,55,65,69,83,82,90,94,,,,,,,,,,,,,,,,,,,,,,,,,,,,,,,,,,,,,,,,,,,,,,,,,,
Ideal,Whatever,75,75,67,73,64,56,54,54,54,48,47,50,60,68,73,81,92,90,,,,,,,,,,,,,,,,,,,,,,,,,,,,,,,,,,,,,,,,,,,,,,
"Thomas, Carl",Emotional,77,63,61,58,54,47,53,52,49,52,60,62,69,69,63,76,87,82,91,99,,,,,,,,,,,,,,,,,,,,,,,,,,,,,,,,,,,,,,,,,,,,
Ginuwine,None Of Ur Friends Business,94,84,71,71,60,63,48,48,48,55,64,71,85,85,92,,,,,,,,,,,,,,,,,,,,,,,,,,,,,,,,,,,,,,,,,,,,,,,,,
"Davidson, Clay",Unconditional,97,97,97,90,83,78,74,69,60,56,54,50,49,55,52,51,51,62,63,83,,,,,,,,,,,,,,,,,,,,,,,,,,,,,,,,,,,,,,,,,,,,
DMX,What You Want,98,95,95,87,86,79,62,60,58,57,52,55,49,57,62,65,87,89,99,100,,,,,,,,,,,,,,,,,,,,,,,,,,,,,,,,,,,,,,,,,,,,
"John, Elton",Someday Out Of The Blue,56,56,49,59,67,60,64,73,81,90,93,89,98,94,99,,,,,,,,,,,,,,,,,,,,,,,,,,,,,,,,,,,,,,,,,,,,,,,,,
Pearl Jam,Nothing As It Seems,49,70,84,89,93,91,,,,,,,,,,,,,,,,,,,,,,,,,,,,,,,,,,,,,,,,,,,,,,,,,,,,,,,,,,
Mya,The Best Of Me,85,70,65,62,55,50,50,56,61,61,72,84,81,86,86,94,97,,,,,,,,,,,,,,,,,,,,,,,,,,,,,,,,,,,,,,,,,,,,,,,
"Heatherly, Eric",Flowers On The Wall,95,88,88,82,82,77,72,67,65,65,65,60,60,53,51,50,57,77,83,89,,,,,,,,,,,,,,,,,,,,,,,,,,,,,,,,,,,,,,,,,,,,
Eminem,Stan,78,67,57,57,51,51,51,57,55,70,69,77,88,93,100,,,,,,,,,,,,,,,,,,,,,,,,,,,,,,,,,,,,,,,,,,,,,,,,,
"McEntire, Reba",I'll Be,89,79,79,72,69,64,61,57,55,55,52,51,53,60,81,84,93,91,94,100,,,,,,,,,,,,,,,,,,,,,,,,,,,,,,,,,,,,,,,,,,,,
"Lopez, Jennifer",Feelin' Good,79,79,66,54,54,54,54,51,61,79,96,,,64,74,73,79,82,96,,,,,,,,,,,,,,,,,,,,,,,,,,,,,,,,,,,,,,,,,,,,,
"Urban, Keith",Your Everything,81,80,73,73,67,64,60,59,53,51,55,66,84,90,96,100,,,,,,,,,,,,,,,,,,,,,,,,,,,,,,,,,,,,,,,,,,,,,,,,
TLC,Dear Lie,63,55,52,51,56,74,92,,,,,,,,,,,,,,,,,,,,,,,,,,,,,,,,,,,,,,,,,,,,,,,,,,,,,,,,,
"Gill, Vince",Feels Like Love,82,76,74,73,73,65,59,58,54,54,53,52,55,52,57,76,91,99,,91,89,,,,,,,,,,,,,,,,,,,,,,,,,,,,,,,,,,,,,,,,,,,
"Houston, Whitney",Could I Have This Kiss Forever,74,68,68,67,59,59,60,52,54,56,59,70,69,81,87,95,98,100,,97,,,,,,,,,,,,,,,,,,,,,,,,,,,,,,,,,,,,,,,,,,,,
Bloodhound Gang,The Bad Touch,70,62,55,55,52,57,72,80,82,92,96,98,,,,,,,,,,,,,,,,,,,,,,,,,,,,,,,,,,,,,,,,,,,,,,,,,,,,
"Williams, Robbie",Angels,85,77,69,69,62,56,56,64,54,53,72,83,81,88,96,93,91,89,95,,,,,,,,,,,,,,,,,,,,,,,,,,,,,,,,,,,,,,,,,,,,,
"Messina, Jo Dee",Because You Love Me,83,78,71,71,66,55,53,57,61,61,61,72,93,,,,,,,,,,,,,,,,,,,,,,,,,,,,,,,,,,,,,,,,,,,,,,,,,,,
"Keith, Toby",Country Comes To Town,82,78,75,69,66,62,59,58,55,55,54,62,81,95,93,,,,,,,,,,,,,,,,,,,,,,,,,,,,,,,,,,,,,,,,,,,,,,,,,
Beenie Man,Girls Dem Sugar,72,72,63,56,62,63,54,60,69,75,84,92,85,84,95,,,,,,,,,,,,,,,,,,,,,,,,,,,,,,,,,,,,,,,,,,,,,,,,,
"Hill, Faith",Let's Make Love,83,83,73,73,67,60,60,60,57,55,54,69,88,91,,,,,,,,,,,,,,,,,,,,,,,,,,,,,,,,,,,,,,,,,,,,,,,,,,
Kelis,Caught Out There,84,68,67,63,63,54,56,59,68,67,75,90,,,,,,,,,,,,,,,,,,,,,,,,,,,,,,,,,,,,,,,,,,,,,,,,,,,,
Jay-Z,Anything,72,58,55,55,63,74,86,92,,,,,,,,,,,,,,,,,,,,,,,,,,,,,,,,,,,,,,,,,,,,,,,,,,,,,,,,
3 Doors Down,Loser,76,76,72,69,67,65,55,59,62,61,61,59,61,66,72,76,75,67,73,70,,,,,,,,,,,,,,,,,,,,,,,,,,,,,,,,,,,,,,,,,,,,
Brooks & Dunn,You'll Always Be Loved By Me,95,85,85,85,83,83,82,74,74,68,62,56,56,55,62,71,86,100,98,,,,,,,,,,,,,,,,,,,,,,,,,,,,,,,,,,,,,,,,,,,,,
"Chesney, Kenny",What I Need To Do,79,74,68,72,69,69,62,58,57,57,56,56,56,72,80,93,95,,,,,,,,,,,,,,,,,,,,,,,,,,,,,,,,,,,,,,,,,,,,,,,
"Stone, Angie",No More Rain (In This Cloud),86,86,74,66,56,60,56,60,67,69,63,73,71,81,89,98,100,,,,,,,,,,,,,,,,,,,,,,,,,,,,,,,,,,,,,,,,,,,,,,,
Da Brat,That's What I'm Looking For,93,73,60,60,60,60,63,56,58,70,71,72,90,94,94,94,94,100,,,,,,,,,,,,,,,,,,,,,,,,,,,,,,,,,,,,,,,,,,,,,,
SheDaisy,This Woman Needs,82,70,70,67,57,57,61,68,82,,,,,,,,,,,,,,,,,,,,,,,,,,,,,,,,,,,,,,,,,,,,,,,,,,,,,,,
Papa Roach,Last Resort,75,71,69,69,66,64,61,61,66,64,63,60,65,66,62,66,64,64,57,72,,,,,,,,,,,,,,,,,,,,,,,,,,,,,,,,,,,,,,,,,,,,
"Adams, Yolanda",Open My Heart,76,76,74,69,68,67,61,58,57,59,66,68,61,67,59,63,67,71,79,89,,,,,,,,,,,,,,,,,,,,,,,,,,,,,,,,,,,,,,,,,,,,
Shyne,Bad Boyz,94,87,90,90,82,67,61,57,71,78,74,81,88,96,100,,,,,,,,,,,,,,,,,,,,,,,,,,,,,,,,,,,,,,,,,,,,,,,,,
R.E.M.,The Great Beyond,79,79,70,62,60,57,61,66,60,59,60,63,79,91,,,,,,,,,,,,,,,,,,,,,,,,,,,,,,,,,,,,,,,,,,,,,,,,,,
"Diffie, Joe",It's Always Somethin',81,78,67,63,60,57,63,69,78,85,92,92,,99,100,,,,,,,,,,,,,,,,,,,,,,,,,,,,,,,,,,,,,,,,,,,,,,,,,
"McGraw, Tim",Some Things Never Change,76,66,66,65,63,60,60,58,58,58,58,59,70,93,,,,,,,,,,,,,,,,,,,,,,,,,,,,,,,,,,,,,,,,,,,,,,,,,,
"Henley, Don",Taking You Home,79,77,74,73,66,62,58,58,61,68,71,71,79,83,85,87,83,90,87,87,,,,,,,,,,,,,,,,,,,,,,,,,,,,,,,,,,,,,,,,,,,,
Eminem,The Way I Am,87,74,59,65,59,58,59,62,89,86,,,,,,,,,,,,,,,,,,,,,,,,,,,,,,,,,,,,,,,,,,,,,,,,,,,,,,
Nas,You Owe Me,74,72,68,59,59,59,67,67,63,69,75,82,79,88,95,96,,,,,,,,,,,,,,,,,,,,,,,,,,,,,,,,,,,,,,,,,,,,,,,,
Sister Hazel,Change Your Mind,75,67,66,59,63,71,78,81,78,78,84,87,94,91,93,95,100,98,96,98,,,,,,,,,,,,,,,,,,,,,,,,,,,,,,,,,,,,,,,,,,,,
Puff Daddy,Best Friend,65,59,62,79,99,,,,,,,,,,,,,,,,,,,,,,,,,,,,,,,,,,,,,,,,,,,,,,,,,,,,,,,,,,,
"McBride, Martina",There You Are,79,75,75,75,73,64,60,60,60,63,63,82,92,,,,,,,,,,,,,,,,,,,,,,,,,,,,,,,,,,,,,,,,,,,,,,,,,,,
Usher,Pop Ya Collar,68,64,60,60,62,79,93,,,,,,,,,,,,,,,,,,,,,,,,,,,,,,,,,,,,,,,,,,,,,,,,,,,,,,,,,
Lil' Kim,No Matter What They Say,80,72,67,60,65,73,81,86,90,97,,,,,,,,,,,,,,,,,,,,,,,,,,,,,,,,,,,,,,,,,,,,,,,,,,,,,,
LFO,I Don't Wanna Kiss You Goodnight,63,61,68,73,91,,,,,,,,,,,,,,,,,,,,,,,,,,,,,,,,,,,,,,,,,,,,,,,,,,,,,,,,,,,
SheDaisy,Deck The Halls,97,61,,,,,,,,,,,,,,,,,,,,,,,,,,,,,,,,,,,,,,,,,,,,,,,,,,,,,,,,,,,,,,
Splender,I Think God Can Explain,71,66,62,62,62,64,65,71,81,89,95,100,,,,,,,,,,,,,,,,,,,,,,,,,,,,,,,,,,,,,,,,,,,,,,,,,,,,
"Simpson, Jessica",Where You Are,73,66,62,62,76,93,,,,,,,,,,,,,,,,,,,,,,,,,,,,,,,,,,,,,,,,,,,,,,,,,,,,,,,,,,
M2M,Mirror Mirror,87,87,94,91,75,68,65,86,62,70,74,70,70,80,82,87,90,96,,,,,,,,,,,,,,,,,,,,,,,,,,,,,,,,,,,,,,,,,,,,,,
Kumbia Kings,U Don't Love Me,81,64,62,67,70,70,75,87,89,100,,,,,,,,,,,,,,,,,,,,,,,,,,,,,,,,,,,,,,,,,,,,,,,,,,,,,,
Joe,Treat Her Like A Lady,77,75,63,63,69,64,68,67,72,79,78,84,85,90,89,99,100,,,,,,,,,,,,,,,,,,,,,,,,,,,,,,,,,,,,,,,,,,,,,,,
"Blige, Mary J.",Deep Inside,83,80,80,75,75,73,64,64,65,67,63,67,75,85,94,,,,,,,,,,,,,,,,,,,,,,,,,,,,,,,,,,,,,,,,,,,,,,,,,
"Price, Kelly",You Should've Told Me,91,91,91,87,86,79,79,75,70,68,64,64,68,70,74,90,86,85,93,92,,,,,,,,,,,,,,,,,,,,,,,,,,,,,,,,,,,,,,,,,,,,
Changing Faces,That Other Woman,80,72,66,66,64,76,65,66,75,85,97,,,,,,,,,,,,,,,,,,,,,,,,,,,,,,,,,,,,,,,,,,,,,,,,,,,,,
"Wright, Chely",It Was,86,78,75,72,71,69,64,75,85,98,,,,,,,,,,,,,,,,,,,,,,,,,,,,,,,,,,,,,,,,,,,,,,,,,,,,,,
Limp Bizkit,Rollin',77,73,72,66,65,65,67,73,74,78,80,86,86,91,93,96,100,,,,,,,,,,,,,,,,,,,,,,,,,,,,,,,,,,,,,,,,,,,,,,,
Hot Boys,I Need A Hot Girl,77,75,71,65,65,70,69,77,79,90,92,95,100,,,,,,,,,,,,,,,,,,,,,,,,,,,,,,,,,,,,,,,,,,,,,,,,,,,
Jay-Z,Do It Again (Put Ya Hands Up),95,68,65,65,74,84,92,96,95,,,,,,,,,,,,,,,,,,,,,,,,,,,,,,,,,,,,,,,,,,,,,,,,,,,,,,,
"Adkins, Trace",More,84,84,75,73,73,69,68,65,73,83,92,,,,,,,,,,,,,,,,,,,,,,,,,,,,,,,,,,,,,,,,,,,,,,,,,,,,,
"Dixie Chicks, The",Cold Day In July,80,79,76,72,68,68,65,70,84,91,,,,,,,,,,,,,,,,,,,,,,,,,,,,,,,,,,,,,,,,,,,,,,,,,,,,,,
"Price, Kelly",As We Lay,82,69,69,64,71,79,82,89,,,,,,,,,,,,,,,,,,,,,,,,,,,,,,,,,,,,,,,,,,,,,,,,,,,,,,,,
DMX,What's My Name,98,76,69,69,67,73,76,90,90,94,100,,,,,,,,,,,,,,,,,,,,,,,,,,,,,,,,,,,,,,,,,,,,,,,,,,,,,
"Martin, Ricky",Private Emotion,76,67,71,78,89,,,,,,,,,,,,,,,,,,,,,,,,,,,,,,,,,,,,,,,,,,,,,,,,,,,,,,,,,,,
Nine Days,If I Am,68,68,81,94,100,,,,,,,,,,,,,,,,,,,,,,,,,,,,,,,,,,,,,,,,,,,,,,,,,,,,,,,,,,,
"Blige, Mary J.",Give Me You,97,94,77,76,68,77,89,90,,100,,,,,,,,,,,,,,,,,,,,,,,,,,,,,,,,,,,,,,,,,,,,,,,,,,,,,,
Red Hot Chili Peppers,Californication,72,72,72,77,79,77,75,84,85,79,74,69,74,75,77,71,78,89,97,,,,,,,,,,,,,,,,,,,,,,,,,,,,,,,,,,,,,,,,,,,,,
Third Eye Blind,Deep Inside Of You,80,73,70,70,70,69,72,79,90,97,95,93,,,,,,,,,,,,,,,,,,,,,,,,,,,,,,,,,,,,,,,,,,,,,,,,,,,,
"Brooks, Garth",Do What You Gotta Do,86,81,72,70,69,77,,,,,,,,,,,,,,,,,,,,,,,,,,,,,,,,,,,,,,,,,,,,,,,,,,,,,,,,,,
"Offspring, The",Original Prankster,74,71,70,70,77,78,91,89,92,,,,,,,,,,,,,,,,,,,,,,,,,,,,,,,,,,,,,,,,,,,,,,,,,,,,,,,
"Anthony, Marc",My Baby You,82,76,76,70,82,81,74,80,76,76,73,74,87,83,89,93,94,94,91,90,,,,,,,,,,,,,,,,,,,,,,,,,,,,,,,,,,,,,,,,,,,,
"Houston, Whitney","Same Script, Different Cast",71,71,71,71,70,75,77,88,91,,,,,,,,,,,,,,,,,,,,,,,,,,,,,,,,,,,,,,,,,,,,,,,,,,,,,,,
D'Angelo,Left & Right,93,77,75,70,91,,,,,,,,,,,,,,,,,,,,,,,,,,,,,,,,,,,,,,,,,,,,,,,,,,,,,,,,,,,
"Kravitz, Lenny",I Belong To You,78,77,71,71,71,83,90,90,93,,,,,,,,,,,,,,,,,,,,,,,,,,,,,,,,,,,,,,,,,,,,,,,,,,,,,,,
"Loveless, Patty",That's The Kind Of Mood I'm In,98,93,93,93,88,88,82,81,73,71,71,72,85,91,,,,,,,,,,,,,,,,,,,,,,,,,,,,,,,,,,,,,,,,,,,,,,,,,,
Q-Tip,Breathe And Stop,71,71,81,82,96,,,,,,,,,,,,,,,,,,,,,,,,,,,,,,,,,,,,,,,,,,,,,,,,,,,,,,,,,,,
"Rimes, LeAnn",Can't Fight The Moonlight,82,71,79,83,96,99,78,78,83,79,77,76,79,81,88,85,86,79,87,93,,,,,,,,,,,,,,,,,,,,,,,,,,,,,,,,,,,,,,,,,,,,
Lil Wayne,Tha Block Is Hot,99,89,92,84,84,72,81,81,86,87,95,,,,,,,,,,,,,,,,,,,,,,,,,,,,,,,,,,,,,,,,,,,,,,,,,,,,,
"Wallflowers, The",Sleepwalker,73,73,74,80,90,96,,,,,,,,,,,,,,,,,,,,,,,,,,,,,,,,,,,,,,,,,,,,,,,,,,,,,,,,,,
Drama,"Left, Right, Left",100,98,89,80,75,73,80,86,91,96,100,98,96,,,,,,,,,,,,,,,,,,,,,,,,,,,,,,,,,,,,,,,,,,,,,,,,,,,
Limp Bizkit,N 2 Gether Now,94,88,85,78,78,73,84,86,90,97,96,,,,,,,,,,,,,,,,,,,,,,,,,,,,,,,,,,,,,,,,,,,,,,,,,,,,,
Lox,"Ryde or Die, Chick",86,73,80,84,91,97,97,,,,,,,,,,,,,,,,,,,,,,,,,,,,,,,,,,,,,,,,,,,,,,,,,,,,,,,,,
Ying Yang Twins,Whistle While You Twurk,95,94,91,85,84,78,74,78,85,89,97,96,99,99,,,,,,,,,,,,,,,,,,,,,,,,,,,,,,,,,,,,,,,,,,,,,,,,,,
"Walker, Clay","Live, Laugh, Love",95,95,94,94,94,95,82,74,79,92,98,,,,,,,,,,,,,,,,,,,,,,,,,,,,,,,,,,,,,,,,,,,,,,,,,,,,,
Metallica,No Leaf Clover (Live),86,81,78,76,74,80,86,93,95,95,,,,,,,,,,,,,,,,,,,,,,,,,,,,,,,,,,,,,,,,,,,,,,,,,,,,,,
Yankee Grey,Another Nine Minutes,86,83,77,74,83,79,88,95,,,,,,,,,,,,,,,,,,,,,,,,,,,,,,,,,,,,,,,,,,,,,,,,,,,,,,,,
"Bega, Lou",Tricky Tricky ,75,74,87,,,,,,,,,,,,,,,,,,,,,,,,,,,,,,,,,,,,,,,,,,,,,,,,,,,,,,,,,,,,,
Big Punisher,It's So Hard,96,87,75,79,81,81,76,76,78,84,90,88,94,98,100,,,,,,,,,,,,,,,,,,,,,,,,,,,,,,,,,,,,,,,,,,,,,,,,,
"Worley, Darryl",When You Need My Love,98,88,93,92,85,85,84,80,80,80,80,75,78,86,99,,,,,,,,,,,,,,,,,,,,,,,,,,,,,,,,,,,,,,,,,,,,,,,,,
Lil' Kim,How Many Licks?,79,75,77,86,86,89,,,96,96,96,,,,,,,,,,,,,,,,,,,,,,,,,,,,,,,,,,,,,,,,,,,,,,,,,,,,,
"Clark, Terri",A Little Gasoline,75,82,88,96,99,99,,,,,,,,,,,,,,,,,,,,,,,,,,,,,,,,,,,,,,,,,,,,,,,,,,,,,,,,,,
"Brock, Chad",A Country Boy Can Survive,93,75,92,,,,,,,,,,,,,,,,,,,,,,,,,,,,,,,,,,,,,,,,,,,,,,,,,,,,,,,,,,,,,
"Cagle, Chris",My Love Goes On And On,99,94,94,87,84,83,76,76,79,83,91,,,,,,,,,,,,,,,,,,,,,,,,,,,,,,,,,,,,,,,,,,,,,,,,,,,,,
"Byrd, Tracy",Put Your Hand In Mine,81,77,76,76,86,88,92,99,,,,,,,,,,,,,,,,,,,,,,,,,,,,,,,,,,,,,,,,,,,,,,,,,,,,,,,,
Metallica,I Disappear,86,84,88,81,81,76,81,81,78,84,83,82,87,88,91,94,98,95,89,95,,,,,,,,,,,,,,,,,,,,,,,,,,,,,,,,,,,,,,,,,,,,
Jay-Z,Hey Papi,98,100,98,94,83,83,80,78,76,77,85,91,93,88,94,,,,,,,,,,,,,,,,,,,,,,,,,,,,,,,,,,,,,,,,,,,,,,,,,
Fatboy Slim,The Rockafeller Skank,94,94,94,87,77,77,83,82,82,92,76,95,,,,,,,,,,,,,,,,,,,,,,,,,,,,,,,,,,,,,,,,,,,,,,,,,,,,
"Levert, Gerald",Mr. Too Damn Good,84,83,83,76,86,86,88,97,,,,,,,,,,,,,,,,,,,,,,,,,,,,,,,,,,,,,,,,,,,,,,,,,,,,,,,,
"McKnight, Brian",Stay Or Let It Go,95,92,82,78,76,88,100,93,,,,,,,,,,,,,,,,,,,,,,,,,,,,,,,,,,,,,,,,,,,,,,,,,,,,,,,,
"Allan, Gary",Smoke Rings In The Dark,80,78,76,77,92,,,,,,,,,,,,,,,,,,,,,,,,,,,,,,,,,,,,,,,,,,,,,,,,,,,,,,,,,,,
Ginuwine,The Best Man I Can Be,97,97,83,94,84,88,85,82,77,77,85,89,,,,,,,,,,,,,,,,,,,,,,,,,,,,,,,,,,,,,,,,,,,,,,,,,,,,
Before Dark,Monica,95,87,80,80,77,87,91,91,100,,,,,,,,,,,,,,,,,,,,,,,,,,,,,,,,,,,,,,,,,,,,,,,,,,,,,,,
"Estefan, Gloria",No Me Dejes De Querer,77,,,,,,,,,,,,,,,,,,,,,,,,,,,,,,,,,,,,,,,,,,,,,,,,,,,,,,,,,,,,,,,
Stone Temple Pilots,Sour Girl,79,79,79,78,78,87,89,88,95,93,91,94,98,,,,,,,,,,,,,,,,,,,,,,,,,,,,,,,,,,,,,,,,,,,,,,,,,,,
Montgomery Gentry,Daddy Won't Sell The Farm,87,83,81,79,81,96,,,,,,,,,,,,,,,,,,,,,,,,,,,,,,,,,,,,,,,,,,,,,,,,,,,,,,,,,,
"Cyrus, Billy Ray",You Won't Be Lonely Now,97,97,97,92,91,88,85,80,82,80,80,89,95,,,,,,,,,,,,,,,,,,,,,,,,,,,,,,,,,,,,,,,,,,,,,,,,,,,
Clark Family Experience,Meanwhile Back At The Ranch,87,86,81,92,80,80,82,84,82,81,85,91,,,,,,,,,,,,,,,,,,,,,,,,,,,,,,,,,,,,,,,,,,,,,,,,,,,,
"Thomas, Carl",Summer Rain,82,82,86,80,82,83,84,82,88,94,95,,,,,,,,,,,,,,,,,,,,,,,,,,,,,,,,,,,,,,,,,,,,,,,,,,,,,
"Yearwood, Trisha",Real Live Woman,85,83,83,82,81,91,,,,,,,,,,,,,,,,,,,,,,,,,,,,,,,,,,,,,,,,,,,,,,,,,,,,,,,,,,
Trick Daddy,Shut Up,99,95,87,87,83,83,89,87,92,92,97,,,,,,,,,,,,,,,,,,,,,,,,,,,,,,,,,,,,,,,,,,,,,,,,,,,,,
"Moore, Chante",Straight Up,98,98,97,90,85,83,83,97,98,,,,,,,,,,,,,,,,,,,,,,,,,,,,,,,,,,,,,,,,,,,,,,,,,,,,,,,
Cam'ron,What Means The World To You,94,94,96,91,84,83,88,87,95,92,,,,,,,,,,,,,,,,,,,,,,,,,,,,,,,,,,,,,,,,,,,,,,,,,,,,,,
Juvenile,U Understand,85,83,100,98,97,96,,,,,,,,,,,,,,,,,,,,,,,,,,,,,,,,,,,,,,,,,,,,,,,,,,,,,,,,,,
"Hollister, Dave",Can't Stay,84,84,93,98,,,,,,,,,,,,,,,,,,,,,,,,,,,,,,,,,,,,,,,,,,,,,,,,,,,,,,,,,,,,
Tamia,Can't Go For That,90,86,84,88,97,,,,,,,,,,,,,,,,,,,,,,,,,,,,,,,,,,,,,,,,,,,,,,,,,,,,,,,,,,,
LFO,West Side Story,96,84,88,96,,,,,,,,,,,,,,,,,,,,,,,,,,,,,,,,,,,,,,,,,,,,,,,,,,,,,,,,,,,,
"Paisley, Brad",Me Neither,87,85,90,92,,,,,,,,,,,,,,,,,,,,,,,,,,,,,,,,,,,,,,,,,,,,,,,,,,,,,,,,,,,,
"Carter, Torrey",Take That,94,88,86,91,89,87,99,,,,,,,,,,,,,,,,,,,,,,,,,,,,,,,,,,,,,,,,,,,,,,,,,,,,,,,,,
Madison Avenue,Don't Call Me Baby,98,96,93,93,93,92,92,92,90,92,88,88,88,95,93,98,93,92,90,97,,,,,,,,,,,,,,,,,,,,,,,,,,,,,,,,,,,,,,,,,,,,
Eve,Got It All,89,88,88,91,95,,,,,,,,,,,,,,,,,,,,,,,,,,,,,,,,,,,,,,,,,,,,,,,,,,,,,,,,,,,
Limp Bizkit,Re-Arranged,91,91,90,95,95,99,96,96,92,88,89,93,91,91,89,90,93,100,,,,,,,,,,,,,,,,,,,,,,,,,,,,,,,,,,,,,,,,,,,,,,
"Spencer, Tracie",Still In My Heart,95,88,98,,,,,,,,,,,,,,,,,,,,,,,,,,,,,,,,,,,,,,,,,,,,,,,,,,,,,,,,,,,,,
Nu Flavor,3 Little Words,97,97,89,89,94,90,99,97,98,,,,,,,,,,,,,,,,,,,,,,,,,,,,,,,,,,,,,,,,,,,,,,,,,,,,,,,
Tamar,If You Don't Wanna Love Me,98,98,92,89,92,93,,,,,,,,,,,,,,,,,,,,,,,,,,,,,,,,,,,,,,,,,,,,,,,,,,,,,,,,,,
"Levert, Gerald",Baby U Are,96,89,92,96,96,,,,,,,,,,,,,,,,,,,,,,,,,,,,,,,,,,,,,,,,,,,,,,,,,,,,,,,,,,,
"Hart, Beth",L.A. Song,99,100,98,99,99,99,98,90,99,97,91,97,,,,,,,,,,,,,,,,,,,,,,,,,,,,,,,,,,,,,,,,,,,,,,,,,,,,
"Diffie, Joe",The Quittin' Kind,98,100,100,90,93,94,,,,,,,,,,,,,,,,,,,,,,,,,,,,,,,,,,,,,,,,,,,,,,,,,,,,,,,,,,
Funkmaster Flex,Do You,92,92,95,91,91,94,100,,,,,,,,,,,,,,,,,,,,,,,,,,,,,,,,,,,,,,,,,,,,,,,,,,,,,,,,,
"Price, Kelly",Love Sets You Free,92,91,98,100,,,,,,,,,,,,,,,,,,,,,,,,,,,,,,,,,,,,,,,,,,,,,,,,,,,,,,,,,,,,
En Vogue,Riddle,92,92,97,100,,,,,,,,,,,,,,,,,,,,,,,,,,,,,,,,,,,,,,,,,,,,,,,,,,,,,,,,,,,,
"Herndon, Ty",No Mercy,100,99,99,,,98,94,92,95,96,,,,,,,,,,,,,,,,,,,,,,,,,,,,,,,,,,,,,,,,,,,,,,,,,,,,,,
Anastacia,I'm Outta Love,92,,,95,,,,,,,,97,,,,,,,,,,,,,,,,,,,,,,,,,,,,,,,,,,,,,,,,,,,,,,,,,,,,
Trina,Pull Over,97,93,96,100,,,,,,,,,,,,,,,,,,,,,,,,,,,,,,,,,,,,,,,,,,,,,,,,,,,,,,,,,,,,
Lil' Mo,Ta Da,100,99,97,97,100,95,99,,,,,,,,,,,,,,,,,,,,,,,,,,,,,,,,,,,,,,,,,,,,,,,,,,,,,,,,,
A*Teens,Dancing Queen,97,97,96,95,100,,,,,,,,,,,,,,,,,,,,,,,,,,,,,,,,,,,,,,,,,,,,,,,,,,,,,,,,,,,
"Sheist, Shade",Where I Wanna Be,96,95,99,99,100,,,,,,,,,,,,,,,,,,,,,,,,,,,,,,,,,,,,,,,,,,,,,,,,,,,,,,,,,,,
De La Soul,All Good?,96,96,100,,,,,,,,,,,,,,,,,,,,,,,,,,,,,,,,,,,,,,,,,,,,,,,,,,,,,,,,,,,,,
"Larrieux, Amel",Get Up,100,97,97,,,,,,,,,,,,,,,,,,,,,,,,,,,,,,,,,,,,,,,,,,,,,,,,,,,,,,,,,,,,,
"Braxton, Toni",Spanish Guitar,98,98,98,,,,,,,,,,,,,,,,,,,,,,,,,,,,,,,,,,,,,,,,,,,,,,,,,,,,,,,,,,,,,
Tuesday,I Know,98,98,,,,,,,,,,,,,,,,,,,,,,,,,,,,,,,,,,,,,,,,,,,,,,,,,,,,,,,,,,,,,,
LL Cool J,Imagine That,99,98,,,,,,,,,,,,,,,,,,,,,,,,,,,,,,,,,,,,,,,,,,,,,,,,,,,,,,,,,,,,,,
Master P,Souljas,98,,,,,,,,,,,,,,,,,,,,,,,,,,,,,,,,,,,,,,,,,,,,,,,,,,,,,,,,,,,,,,,
Ghostface Killah,Cherchez LaGhost,98,,,,,,,,,,,,,,,,,,,,,,,,,,,,,,,,,,,,,,,,,,,,,,,,,,,,,,,,,,,,,,,
"Smith, Will",Freakin' It,99,99,99,99,,,,,,,,,,,,,,,,,,,,,,,,,,,,,,,,,,,,,,,,,,,,,,,,,,,,,,,,,,,,
Zombie Nation,Kernkraft 400,99,99,,,,,,,,,,,,,,,,,,,,,,,,,,,,,,,,,,,,,,,,,,,,,,,,,,,,,,,,,,,,,,
"Eastsidaz, The",Got Beef,99,99,,,,,,,,,,,,,,,,,,,,,,,,,,,,,,,,,,,,,,,,,,,,,,,,,,,,,,,,,,,,,,
Fragma,Toca's Miracle,99,,,,,,,,,,,,,,,,,,,,,,,,,,,,,,,,,,,,,,,,,,,,,,,,,,,,,,,,,,,,,,,